metrica,correlacion,p_value
Pearson,0.01826192113268151,0.26266410036645166
Spearman,-0.07133841836728265,1.1822070896788455e-05
